{
  "CAND_0000001": 0.358091,
  "CAND_0000002": 0.359698,
  "CAND_0000003": 0.380676,
  "CAND_0000004": 0.43121,
  "CAND_0000005": 0.30935,
  "CAND_0000006": 0.294726,
  "CAND_0000007": 0.344849,
  "CAND_0000008": 0.347508,
  "CAND_0000009": 0.405117,
  "CAND_0000010": 0.366289,
  "CAND_0000011": 0.287126,
  "CAND_0000012": 0.317702,
  "CAND_0000013": 0.392018,
  "CAND_0000014": 0.332519,
  "CAND_0000015": 0.246829,
  "CAND_0000016": 0.331825,
  "CAND_0000017": 0.326448,
  "CAND_0000018": 0.344952,
  "CAND_0000019": 0.336032,
  "CAND_0000020": 0.388933,
  "CAND_0000021": 0.370474,
  "CAND_0000022": 0.400174,
  "CAND_0000023": 0.337176,
  "CAND_0000024": 0.441395,
  "CAND_0000025": 0.264795,
  "CAND_0000026": 0.426699,
  "CAND_0000027": 0.254864,
  "CAND_0000028": 0.324521,
  "CAND_0000029": 0.348758,
  "CAND_0000030": 0.300362,
  "CAND_0000031": 0.686998,
  "CAND_0000032": 0.267151,
  "CAND_0000033": 0.320957,
  "CAND_0000034": 0.35033,
  "CAND_0000035": 0.29124,
  "CAND_0000036": 0.369394,
  "CAND_0000037": 0.341004,
  "CAND_0000038": 0.310489,
  "CAND_0000039": 0.331403,
  "CAND_0000040": 0.390947,
  "CAND_0000041": 0.306447,
  "CAND_0000042": 0.438647,
  "CAND_0000043": 0.31382,
  "CAND_0000044": 0.304585,
  "CAND_0000045": 0.375076,
  "CAND_0000046": 0.380171,
  "CAND_0000047": 0.416301,
  "CAND_0000048": 0.256021,
  "CAND_0000049": 0.330822,
  "CAND_0000050": 0.342262
}